asin,num_reviews,avg_rating
B007R6HUBC,3147,4.236097870988242
B0042B9U8Q,2263,3.152894387980557
B003N9SR00,1191,4.216624685138539
B005P1VNDW,564,4.340425531914893
B0097BEG08,545,3.9706422018348624
B001DDE4VY,434,4.071428571428571
B008XMV05G,409,4.124694376528117
B00277EMQ2,369,3.6151761517615175
B005NGJLYW,306,3.349673202614379
B005P1VMLU,237,4.4978902953586495
